Lebendgeburten in Wien gemeldeter Personen nach Geschlecht des Kindes und Alter der Mutter seit 2002 - Wien | Live births of residents in Vienna by sex of child and age of mother since 2002 - Vienna
NUTS;DISTRICT_CODE;SUB_DISTRICT_CODE;REF_YEAR;REF_DATE;SEX;AGE;BIR
AT13;90000;90000;2002;2002;1;14;1
AT13;90000;90000;2002;2002;1;15;12
AT13;90000;90000;2002;2002;1;16;43
AT13;90000;90000;2002;2002;1;17;62
AT13;90000;90000;2002;2002;1;18;115
AT13;90000;90000;2002;2002;1;19;199
AT13;90000;90000;2002;2002;1;20;219
AT13;90000;90000;2002;2002;1;21;267
AT13;90000;90000;2002;2002;1;22;309
AT13;90000;90000;2002;2002;1;23;350
AT13;90000;90000;2002;2002;1;24;393
AT13;90000;90000;2002;2002;1;25;450
AT13;90000;90000;2002;2002;1;26;408
AT13;90000;90000;2002;2002;1;27;468
AT13;90000;90000;2002;2002;1;28;498
AT13;90000;90000;2002;2002;1;29;525
AT13;90000;90000;2002;2002;1;30;548
AT13;90000;90000;2002;2002;1;31;526
AT13;90000;90000;2002;2002;1;32;522
AT13;90000;90000;2002;2002;1;33;503
AT13;90000;90000;2002;2002;1;34;440
AT13;90000;90000;2002;2002;1;35;356
AT13;90000;90000;2002;2002;1;36;272
AT13;90000;90000;2002;2002;1;37;228
AT13;90000;90000;2002;2002;1;38;204
AT13;90000;90000;2002;2002;1;39;134
AT13;90000;90000;2002;2002;1;40;108
AT13;90000;90000;2002;2002;1;41;62
AT13;90000;90000;2002;2002;1;42;41
AT13;90000;90000;2002;2002;1;43;20
AT13;90000;90000;2002;2002;1;44;14
AT13;90000;90000;2002;2002;1;45;4
AT13;90000;90000;2002;2002;1;46;5
AT13;90000;90000;2002;2002;1;47;3
AT13;90000;90000;2002;2002;1;48;1
AT13;90000;90000;2002;2002;1;50;1
AT13;90000;90000;2002;2002;2;14;4
AT13;90000;90000;2002;2002;2;15;17
AT13;90000;90000;2002;2002;2;16;37
AT13;90000;90000;2002;2002;2;17;73
AT13;90000;90000;2002;2002;2;18;120
AT13;90000;90000;2002;2002;2;19;169
AT13;90000;90000;2002;2002;2;20;254
AT13;90000;90000;2002;2002;2;21;296
AT13;90000;90000;2002;2002;2;22;310
AT13;90000;90000;2002;2002;2;23;343
AT13;90000;90000;2002;2002;2;24;343
AT13;90000;90000;2002;2002;2;25;381
AT13;90000;90000;2002;2002;2;26;420
AT13;90000;90000;2002;2002;2;27;466
AT13;90000;90000;2002;2002;2;28;533
AT13;90000;90000;2002;2002;2;29;512
AT13;90000;90000;2002;2002;2;30;514
AT13;90000;90000;2002;2002;2;31;502
AT13;90000;90000;2002;2002;2;32;502
AT13;90000;90000;2002;2002;2;33;469
AT13;90000;90000;2002;2002;2;34;398
AT13;90000;90000;2002;2002;2;35;352
AT13;90000;90000;2002;2002;2;36;303
AT13;90000;90000;2002;2002;2;37;238
AT13;90000;90000;2002;2002;2;38;177
AT13;90000;90000;2002;2002;2;39;142
AT13;90000;90000;2002;2002;2;40;93
AT13;90000;90000;2002;2002;2;41;62
AT13;90000;90000;2002;2002;2;42;40
AT13;90000;90000;2002;2002;2;43;26
AT13;90000;90000;2002;2002;2;44;7
AT13;90000;90000;2002;2002;2;45;10
AT13;90000;90000;2002;2002;2;46;2
AT13;90000;90000;2002;2002;2;47;2
AT13;90000;90000;2003;2003;1;13;3
AT13;90000;90000;2003;2003;1;14;3
AT13;90000;90000;2003;2003;1;15;13
AT13;90000;90000;2003;2003;1;16;34
AT13;90000;90000;2003;2003;1;17;72
AT13;90000;90000;2003;2003;1;18;125
AT13;90000;90000;2003;2003;1;19;154
AT13;90000;90000;2003;2003;1;20;230
AT13;90000;90000;2003;2003;1;21;295
AT13;90000;90000;2003;2003;1;22;339
AT13;90000;90000;2003;2003;1;23;349
AT13;90000;90000;2003;2003;1;24;365
AT13;90000;90000;2003;2003;1;25;406
AT13;90000;90000;2003;2003;1;26;469
AT13;90000;90000;2003;2003;1;27;471
AT13;90000;90000;2003;2003;1;28;539
AT13;90000;90000;2003;2003;1;29;542
AT13;90000;90000;2003;2003;1;30;546
AT13;90000;90000;2003;2003;1;31;534
AT13;90000;90000;2003;2003;1;32;536
AT13;90000;90000;2003;2003;1;33;474
AT13;90000;90000;2003;2003;1;34;424
AT13;90000;90000;2003;2003;1;35;393
AT13;90000;90000;2003;2003;1;36;356
AT13;90000;90000;2003;2003;1;37;282
AT13;90000;90000;2003;2003;1;38;214
AT13;90000;90000;2003;2003;1;39;158
AT13;90000;90000;2003;2003;1;40;120
AT13;90000;90000;2003;2003;1;41;67
AT13;90000;90000;2003;2003;1;42;44
AT13;90000;90000;2003;2003;1;43;30
AT13;90000;90000;2003;2003;1;44;10
AT13;90000;90000;2003;2003;1;45;9
AT13;90000;90000;2003;2003;1;46;1
AT13;90000;90000;2003;2003;1;48;1
AT13;90000;90000;2003;2003;1;49;1
AT13;90000;90000;2003;2003;2;14;3
AT13;90000;90000;2003;2003;2;15;8
AT13;90000;90000;2003;2003;2;16;42
AT13;90000;90000;2003;2003;2;17;56
AT13;90000;90000;2003;2003;2;18;104
AT13;90000;90000;2003;2003;2;19;189
AT13;90000;90000;2003;2003;2;20;234
AT13;90000;90000;2003;2003;2;21;285
AT13;90000;90000;2003;2003;2;22;312
AT13;90000;90000;2003;2003;2;23;312
AT13;90000;90000;2003;2003;2;24;374
AT13;90000;90000;2003;2003;2;25;390
AT13;90000;90000;2003;2003;2;26;435
AT13;90000;90000;2003;2003;2;27;429
AT13;90000;90000;2003;2003;2;28;486
AT13;90000;90000;2003;2003;2;29;471
AT13;90000;90000;2003;2003;2;30;511
AT13;90000;90000;2003;2003;2;31;489
AT13;90000;90000;2003;2003;2;32;444
AT13;90000;90000;2003;2003;2;33;430
AT13;90000;90000;2003;2003;2;34;380
AT13;90000;90000;2003;2003;2;35;388
AT13;90000;90000;2003;2003;2;36;291
AT13;90000;90000;2003;2003;2;37;248
AT13;90000;90000;2003;2003;2;38;164
AT13;90000;90000;2003;2003;2;39;136
AT13;90000;90000;2003;2003;2;40;113
AT13;90000;90000;2003;2003;2;41;72
AT13;90000;90000;2003;2003;2;42;39
AT13;90000;90000;2003;2003;2;43;21
AT13;90000;90000;2003;2003;2;44;13
AT13;90000;90000;2003;2003;2;45;5
AT13;90000;90000;2003;2003;2;46;2
AT13;90000;90000;2003;2003;2;49;1
AT13;90000;90000;2004;2004;1;13;1
AT13;90000;90000;2004;2004;1;14;4
AT13;90000;90000;2004;2004;1;15;17
AT13;90000;90000;2004;2004;1;16;32
AT13;90000;90000;2004;2004;1;17;68
AT13;90000;90000;2004;2004;1;18;131
AT13;90000;90000;2004;2004;1;19;204
AT13;90000;90000;2004;2004;1;20;260
AT13;90000;90000;2004;2004;1;21;302
AT13;90000;90000;2004;2004;1;22;359
AT13;90000;90000;2004;2004;1;23;378
AT13;90000;90000;2004;2004;1;24;414
AT13;90000;90000;2004;2004;1;25;438
AT13;90000;90000;2004;2004;1;26;413
AT13;90000;90000;2004;2004;1;27;504
AT13;90000;90000;2004;2004;1;28;488
AT13;90000;90000;2004;2004;1;29;516
AT13;90000;90000;2004;2004;1;30;558
AT13;90000;90000;2004;2004;1;31;562
AT13;90000;90000;2004;2004;1;32;478
AT13;90000;90000;2004;2004;1;33;484
AT13;90000;90000;2004;2004;1;34;434
AT13;90000;90000;2004;2004;1;35;427
AT13;90000;90000;2004;2004;1;36;356
AT13;90000;90000;2004;2004;1;37;274
AT13;90000;90000;2004;2004;1;38;204
AT13;90000;90000;2004;2004;1;39;161
AT13;90000;90000;2004;2004;1;40;98
AT13;90000;90000;2004;2004;1;41;72
AT13;90000;90000;2004;2004;1;42;61
AT13;90000;90000;2004;2004;1;43;20
AT13;90000;90000;2004;2004;1;44;10
AT13;90000;90000;2004;2004;1;45;5
AT13;90000;90000;2004;2004;1;46;4
AT13;90000;90000;2004;2004;1;47;2
AT13;90000;90000;2004;2004;1;48;1
AT13;90000;90000;2004;2004;2;14;3
AT13;90000;90000;2004;2004;2;15;15
AT13;90000;90000;2004;2004;2;16;37
AT13;90000;90000;2004;2004;2;17;70
AT13;90000;90000;2004;2004;2;18;116
AT13;90000;90000;2004;2004;2;19;197
AT13;90000;90000;2004;2004;2;20;227
AT13;90000;90000;2004;2004;2;21;280
AT13;90000;90000;2004;2004;2;22;314
AT13;90000;90000;2004;2004;2;23;339
AT13;90000;90000;2004;2004;2;24;374
AT13;90000;90000;2004;2004;2;25;401
AT13;90000;90000;2004;2004;2;26;433
AT13;90000;90000;2004;2004;2;27;440
AT13;90000;90000;2004;2004;2;28;473
AT13;90000;90000;2004;2004;2;29;486
AT13;90000;90000;2004;2004;2;30;503
AT13;90000;90000;2004;2004;2;31;510
AT13;90000;90000;2004;2004;2;32;494
AT13;90000;90000;2004;2004;2;33;438
AT13;90000;90000;2004;2004;2;34;419
AT13;90000;90000;2004;2004;2;35;372
AT13;90000;90000;2004;2004;2;36;302
AT13;90000;90000;2004;2004;2;37;234
AT13;90000;90000;2004;2004;2;38;196
AT13;90000;90000;2004;2004;2;39;177
AT13;90000;90000;2004;2004;2;40;104
AT13;90000;90000;2004;2004;2;41;63
AT13;90000;90000;2004;2004;2;42;47
AT13;90000;90000;2004;2004;2;43;20
AT13;90000;90000;2004;2004;2;44;14
AT13;90000;90000;2004;2004;2;45;7
AT13;90000;90000;2004;2004;2;46;6
AT13;90000;90000;2004;2004;2;47;1
AT13;90000;90000;2004;2004;2;48;1
AT13;90000;90000;2004;2004;2;49;1
AT13;90000;90000;2004;2004;2;50;2
AT13;90000;90000;2005;2005;1;15;8
AT13;90000;90000;2005;2005;1;16;34
AT13;90000;90000;2005;2005;1;17;72
AT13;90000;90000;2005;2005;1;18;137
AT13;90000;90000;2005;2005;1;19;181
AT13;90000;90000;2005;2005;1;20;217
AT13;90000;90000;2005;2005;1;21;326
AT13;90000;90000;2005;2005;1;22;303
AT13;90000;90000;2005;2005;1;23;377
AT13;90000;90000;2005;2005;1;24;401
AT13;90000;90000;2005;2005;1;25;441
AT13;90000;90000;2005;2005;1;26;468
AT13;90000;90000;2005;2005;1;27;451
AT13;90000;90000;2005;2005;1;28;437
AT13;90000;90000;2005;2005;1;29;517
AT13;90000;90000;2005;2005;1;30;519
AT13;90000;90000;2005;2005;1;31;499
AT13;90000;90000;2005;2005;1;32;512
AT13;90000;90000;2005;2005;1;33;504
AT13;90000;90000;2005;2005;1;34;460
AT13;90000;90000;2005;2005;1;35;388
AT13;90000;90000;2005;2005;1;36;347
AT13;90000;90000;2005;2005;1;37;269
AT13;90000;90000;2005;2005;1;38;211
AT13;90000;90000;2005;2005;1;39;168
AT13;90000;90000;2005;2005;1;40;127
AT13;90000;90000;2005;2005;1;41;71
AT13;90000;90000;2005;2005;1;42;50
AT13;90000;90000;2005;2005;1;43;30
AT13;90000;90000;2005;2005;1;44;10
AT13;90000;90000;2005;2005;1;45;9
AT13;90000;90000;2005;2005;1;46;2
AT13;90000;90000;2005;2005;1;50;2
AT13;90000;90000;2005;2005;2;14;1
AT13;90000;90000;2005;2005;2;15;12
AT13;90000;90000;2005;2005;2;16;28
AT13;90000;90000;2005;2005;2;17;58
AT13;90000;90000;2005;2005;2;18;130
AT13;90000;90000;2005;2005;2;19;168
AT13;90000;90000;2005;2005;2;20;234
AT13;90000;90000;2005;2005;2;21;275
AT13;90000;90000;2005;2005;2;22;281
AT13;90000;90000;2005;2005;2;23;372
AT13;90000;90000;2005;2005;2;24;426
AT13;90000;90000;2005;2005;2;25;440
AT13;90000;90000;2005;2005;2;26;441
AT13;90000;90000;2005;2005;2;27;424
AT13;90000;90000;2005;2005;2;28;440
AT13;90000;90000;2005;2005;2;29;484
AT13;90000;90000;2005;2005;2;30;524
AT13;90000;90000;2005;2005;2;31;521
AT13;90000;90000;2005;2005;2;32;452
AT13;90000;90000;2005;2005;2;33;427
AT13;90000;90000;2005;2005;2;34;419
AT13;90000;90000;2005;2005;2;35;363
AT13;90000;90000;2005;2005;2;36;349
AT13;90000;90000;2005;2005;2;37;256
AT13;90000;90000;2005;2005;2;38;212
AT13;90000;90000;2005;2005;2;39;152
AT13;90000;90000;2005;2005;2;40;120
AT13;90000;90000;2005;2005;2;41;79
AT13;90000;90000;2005;2005;2;42;56
AT13;90000;90000;2005;2005;2;43;23
AT13;90000;90000;2005;2005;2;44;13
AT13;90000;90000;2005;2005;2;45;6
AT13;90000;90000;2005;2005;2;46;4
AT13;90000;90000;2005;2005;2;47;2
AT13;90000;90000;2006;2006;1;13;2
AT13;90000;90000;2006;2006;1;14;5
AT13;90000;90000;2006;2006;1;15;9
AT13;90000;90000;2006;2006;1;16;27
AT13;90000;90000;2006;2006;1;17;64
AT13;90000;90000;2006;2006;1;18;113
AT13;90000;90000;2006;2006;1;19;197
AT13;90000;90000;2006;2006;1;20;265
AT13;90000;90000;2006;2006;1;21;270
AT13;90000;90000;2006;2006;1;22;308
AT13;90000;90000;2006;2006;1;23;366
AT13;90000;90000;2006;2006;1;24;416
AT13;90000;90000;2006;2006;1;25;423
AT13;90000;90000;2006;2006;1;26;404
AT13;90000;90000;2006;2006;1;27;470
AT13;90000;90000;2006;2006;1;28;509
AT13;90000;90000;2006;2006;1;29;508
AT13;90000;90000;2006;2006;1;30;483
AT13;90000;90000;2006;2006;1;31;549
AT13;90000;90000;2006;2006;1;32;604
AT13;90000;90000;2006;2006;1;33;499
AT13;90000;90000;2006;2006;1;34;485
AT13;90000;90000;2006;2006;1;35;402
AT13;90000;90000;2006;2006;1;36;344
AT13;90000;90000;2006;2006;1;37;306
AT13;90000;90000;2006;2006;1;38;223
AT13;90000;90000;2006;2006;1;39;141
AT13;90000;90000;2006;2006;1;40;129
AT13;90000;90000;2006;2006;1;41;84
AT13;90000;90000;2006;2006;1;42;53
AT13;90000;90000;2006;2006;1;43;36
AT13;90000;90000;2006;2006;1;44;12
AT13;90000;90000;2006;2006;1;45;6
AT13;90000;90000;2006;2006;1;46;2
AT13;90000;90000;2006;2006;1;47;1
AT13;90000;90000;2006;2006;1;50;1
AT13;90000;90000;2006;2006;2;14;2
AT13;90000;90000;2006;2006;2;15;13
AT13;90000;90000;2006;2006;2;16;27
AT13;90000;90000;2006;2006;2;17;55
AT13;90000;90000;2006;2006;2;18;101
AT13;90000;90000;2006;2006;2;19;185
AT13;90000;90000;2006;2006;2;20;223
AT13;90000;90000;2006;2006;2;21;297
AT13;90000;90000;2006;2006;2;22;302
AT13;90000;90000;2006;2006;2;23;323
AT13;90000;90000;2006;2006;2;24;375
AT13;90000;90000;2006;2006;2;25;409
AT13;90000;90000;2006;2006;2;26;421
AT13;90000;90000;2006;2006;2;27;489
AT13;90000;90000;2006;2006;2;28;488
AT13;90000;90000;2006;2006;2;29;496
AT13;90000;90000;2006;2006;2;30;517
AT13;90000;90000;2006;2006;2;31;511
AT13;90000;90000;2006;2006;2;32;540
AT13;90000;90000;2006;2006;2;33;485
AT13;90000;90000;2006;2006;2;34;424
AT13;90000;90000;2006;2006;2;35;391
AT13;90000;90000;2006;2006;2;36;303
AT13;90000;90000;2006;2006;2;37;264
AT13;90000;90000;2006;2006;2;38;240
AT13;90000;90000;2006;2006;2;39;185
AT13;90000;90000;2006;2006;2;40;119
AT13;90000;90000;2006;2006;2;41;98
AT13;90000;90000;2006;2006;2;42;52
AT13;90000;90000;2006;2006;2;43;27
AT13;90000;90000;2006;2006;2;44;17
AT13;90000;90000;2006;2006;2;45;10
AT13;90000;90000;2006;2006;2;46;4
AT13;90000;90000;2006;2006;2;47;2
AT13;90000;90000;2006;2006;2;48;1
AT13;90000;90000;2007;2007;1;14;2
AT13;90000;90000;2007;2007;1;15;14
AT13;90000;90000;2007;2007;1;16;31
AT13;90000;90000;2007;2007;1;17;50
AT13;90000;90000;2007;2007;1;18;114
AT13;90000;90000;2007;2007;1;19;197
AT13;90000;90000;2007;2007;1;20;241
AT13;90000;90000;2007;2007;1;21;274
AT13;90000;90000;2007;2007;1;22;292
AT13;90000;90000;2007;2007;1;23;379
AT13;90000;90000;2007;2007;1;24;361
AT13;90000;90000;2007;2007;1;25;433
AT13;90000;90000;2007;2007;1;26;461
AT13;90000;90000;2007;2007;1;27;491
AT13;90000;90000;2007;2007;1;28;508
AT13;90000;90000;2007;2007;1;29;518
AT13;90000;90000;2007;2007;1;30;496
AT13;90000;90000;2007;2007;1;31;528
AT13;90000;90000;2007;2007;1;32;518
AT13;90000;90000;2007;2007;1;33;460
AT13;90000;90000;2007;2007;1;34;443
AT13;90000;90000;2007;2007;1;35;391
AT13;90000;90000;2007;2007;1;36;366
AT13;90000;90000;2007;2007;1;37;298
AT13;90000;90000;2007;2007;1;38;219
AT13;90000;90000;2007;2007;1;39;207
AT13;90000;90000;2007;2007;1;40;119
AT13;90000;90000;2007;2007;1;41;82
AT13;90000;90000;2007;2007;1;42;59
AT13;90000;90000;2007;2007;1;43;26
AT13;90000;90000;2007;2007;1;44;18
AT13;90000;90000;2007;2007;1;45;10
AT13;90000;90000;2007;2007;1;46;4
AT13;90000;90000;2007;2007;1;47;1
AT13;90000;90000;2007;2007;1;48;2
AT13;90000;90000;2007;2007;1;50;1
AT13;90000;90000;2007;2007;2;15;11
AT13;90000;90000;2007;2007;2;16;25
AT13;90000;90000;2007;2007;2;17;51
AT13;90000;90000;2007;2007;2;18;87
AT13;90000;90000;2007;2007;2;19;165
AT13;90000;90000;2007;2007;2;20;233
AT13;90000;90000;2007;2007;2;21;255
AT13;90000;90000;2007;2007;2;22;299
AT13;90000;90000;2007;2007;2;23;342
AT13;90000;90000;2007;2007;2;24;351
AT13;90000;90000;2007;2007;2;25;432
AT13;90000;90000;2007;2007;2;26;449
AT13;90000;90000;2007;2007;2;27;446
AT13;90000;90000;2007;2007;2;28;485
AT13;90000;90000;2007;2007;2;29;469
AT13;90000;90000;2007;2007;2;30;491
AT13;90000;90000;2007;2007;2;31;486
AT13;90000;90000;2007;2007;2;32;464
AT13;90000;90000;2007;2007;2;33;475
AT13;90000;90000;2007;2007;2;34;448
AT13;90000;90000;2007;2007;2;35;421
AT13;90000;90000;2007;2007;2;36;353
AT13;90000;90000;2007;2007;2;37;309
AT13;90000;90000;2007;2007;2;38;210
AT13;90000;90000;2007;2007;2;39;169
AT13;90000;90000;2007;2007;2;40;136
AT13;90000;90000;2007;2007;2;41;88
AT13;90000;90000;2007;2007;2;42;57
AT13;90000;90000;2007;2007;2;43;30
AT13;90000;90000;2007;2007;2;44;17
AT13;90000;90000;2007;2007;2;45;8
AT13;90000;90000;2007;2007;2;46;5
AT13;90000;90000;2007;2007;2;47;2
AT13;90000;90000;2007;2007;2;50;2
AT13;90000;90000;2008;2008;1;11;1
AT13;90000;90000;2008;2008;1;14;1
AT13;90000;90000;2008;2008;1;15;14
AT13;90000;90000;2008;2008;1;16;32
AT13;90000;90000;2008;2008;1;17;56
AT13;90000;90000;2008;2008;1;18;105
AT13;90000;90000;2008;2008;1;19;181
AT13;90000;90000;2008;2008;1;20;252
AT13;90000;90000;2008;2008;1;21;286
AT13;90000;90000;2008;2008;1;22;320
AT13;90000;90000;2008;2008;1;23;354
AT13;90000;90000;2008;2008;1;24;420
AT13;90000;90000;2008;2008;1;25;452
AT13;90000;90000;2008;2008;1;26;499
AT13;90000;90000;2008;2008;1;27;502
AT13;90000;90000;2008;2008;1;28;511
AT13;90000;90000;2008;2008;1;29;517
AT13;90000;90000;2008;2008;1;30;564
AT13;90000;90000;2008;2008;1;31;514
AT13;90000;90000;2008;2008;1;32;466
AT13;90000;90000;2008;2008;1;33;502
AT13;90000;90000;2008;2008;1;34;490
AT13;90000;90000;2008;2008;1;35;417
AT13;90000;90000;2008;2008;1;36;360
AT13;90000;90000;2008;2008;1;37;368
AT13;90000;90000;2008;2008;1;38;264
AT13;90000;90000;2008;2008;1;39;195
AT13;90000;90000;2008;2008;1;40;148
AT13;90000;90000;2008;2008;1;41;73
AT13;90000;90000;2008;2008;1;42;66
AT13;90000;90000;2008;2008;1;43;42
AT13;90000;90000;2008;2008;1;44;27
AT13;90000;90000;2008;2008;1;45;5
AT13;90000;90000;2008;2008;1;46;6
AT13;90000;90000;2008;2008;1;47;3
AT13;90000;90000;2008;2008;1;48;1
AT13;90000;90000;2008;2008;1;49;3
AT13;90000;90000;2008;2008;1;50;1
AT13;90000;90000;2008;2008;2;14;2
AT13;90000;90000;2008;2008;2;15;13
AT13;90000;90000;2008;2008;2;16;28
AT13;90000;90000;2008;2008;2;17;61
AT13;90000;90000;2008;2008;2;18;86
AT13;90000;90000;2008;2008;2;19;153
AT13;90000;90000;2008;2008;2;20;223
AT13;90000;90000;2008;2008;2;21;279
AT13;90000;90000;2008;2008;2;22;293
AT13;90000;90000;2008;2008;2;23;338
AT13;90000;90000;2008;2008;2;24;361
AT13;90000;90000;2008;2008;2;25;411
AT13;90000;90000;2008;2008;2;26;455
AT13;90000;90000;2008;2008;2;27;477
AT13;90000;90000;2008;2008;2;28;476
AT13;90000;90000;2008;2008;2;29;471
AT13;90000;90000;2008;2008;2;30;482
AT13;90000;90000;2008;2008;2;31;518
AT13;90000;90000;2008;2008;2;32;526
AT13;90000;90000;2008;2008;2;33;489
AT13;90000;90000;2008;2008;2;34;430
AT13;90000;90000;2008;2008;2;35;388
AT13;90000;90000;2008;2008;2;36;354
AT13;90000;90000;2008;2008;2;37;259
AT13;90000;90000;2008;2008;2;38;246
AT13;90000;90000;2008;2008;2;39;179
AT13;90000;90000;2008;2008;2;40;139
AT13;90000;90000;2008;2008;2;41;77
AT13;90000;90000;2008;2008;2;42;69
AT13;90000;90000;2008;2008;2;43;39
AT13;90000;90000;2008;2008;2;44;10
AT13;90000;90000;2008;2008;2;45;6
AT13;90000;90000;2008;2008;2;46;5
AT13;90000;90000;2008;2008;2;47;7
AT13;90000;90000;2008;2008;2;48;3
AT13;90000;90000;2008;2008;2;49;2
AT13;90000;90000;2008;2008;2;50;2
AT13;90000;90000;2009;2009;1;14;2
AT13;90000;90000;2009;2009;1;15;17
AT13;90000;90000;2009;2009;1;16;27
AT13;90000;90000;2009;2009;1;17;62
AT13;90000;90000;2009;2009;1;18;122
AT13;90000;90000;2009;2009;1;19;179
AT13;90000;90000;2009;2009;1;20;261
AT13;90000;90000;2009;2009;1;21;295
AT13;90000;90000;2009;2009;1;22;327
AT13;90000;90000;2009;2009;1;23;326
AT13;90000;90000;2009;2009;1;24;400
AT13;90000;90000;2009;2009;1;25;418
AT13;90000;90000;2009;2009;1;26;413
AT13;90000;90000;2009;2009;1;27;495
AT13;90000;90000;2009;2009;1;28;522
AT13;90000;90000;2009;2009;1;29;554
AT13;90000;90000;2009;2009;1;30;490
AT13;90000;90000;2009;2009;1;31;546
AT13;90000;90000;2009;2009;1;32;501
AT13;90000;90000;2009;2009;1;33;507
AT13;90000;90000;2009;2009;1;34;474
AT13;90000;90000;2009;2009;1;35;404
AT13;90000;90000;2009;2009;1;36;354
AT13;90000;90000;2009;2009;1;37;324
AT13;90000;90000;2009;2009;1;38;276
AT13;90000;90000;2009;2009;1;39;197
AT13;90000;90000;2009;2009;1;40;169
AT13;90000;90000;2009;2009;1;41;108
AT13;90000;90000;2009;2009;1;42;66
AT13;90000;90000;2009;2009;1;43;40
AT13;90000;90000;2009;2009;1;44;18
AT13;90000;90000;2009;2009;1;45;11
AT13;90000;90000;2009;2009;1;46;2
AT13;90000;90000;2009;2009;1;47;4
AT13;90000;90000;2009;2009;1;49;1
AT13;90000;90000;2009;2009;1;50;2
AT13;90000;90000;2009;2009;2;14;2
AT13;90000;90000;2009;2009;2;15;4
AT13;90000;90000;2009;2009;2;16;35
AT13;90000;90000;2009;2009;2;17;47
AT13;90000;90000;2009;2009;2;18;98
AT13;90000;90000;2009;2009;2;19;170
AT13;90000;90000;2009;2009;2;20;228
AT13;90000;90000;2009;2009;2;21;295
AT13;90000;90000;2009;2009;2;22;276
AT13;90000;90000;2009;2009;2;23;311
AT13;90000;90000;2009;2009;2;24;385
AT13;90000;90000;2009;2009;2;25;411
AT13;90000;90000;2009;2009;2;26;399
AT13;90000;90000;2009;2009;2;27;475
AT13;90000;90000;2009;2009;2;28;456
AT13;90000;90000;2009;2009;2;29;492
AT13;90000;90000;2009;2009;2;30;485
AT13;90000;90000;2009;2009;2;31;505
AT13;90000;90000;2009;2009;2;32;470
AT13;90000;90000;2009;2009;2;33;458
AT13;90000;90000;2009;2009;2;34;430
AT13;90000;90000;2009;2009;2;35;418
AT13;90000;90000;2009;2009;2;36;350
AT13;90000;90000;2009;2009;2;37;245
AT13;90000;90000;2009;2009;2;38;232
AT13;90000;90000;2009;2009;2;39;178
AT13;90000;90000;2009;2009;2;40;162
AT13;90000;90000;2009;2009;2;41;88
AT13;90000;90000;2009;2009;2;42;62
AT13;90000;90000;2009;2009;2;43;37
AT13;90000;90000;2009;2009;2;44;18
AT13;90000;90000;2009;2009;2;45;10
AT13;90000;90000;2009;2009;2;46;1
AT13;90000;90000;2009;2009;2;47;4
AT13;90000;90000;2009;2009;2;48;2
AT13;90000;90000;2009;2009;2;49;1
AT13;90000;90000;2010;2010;1;14;6
AT13;90000;90000;2010;2010;1;15;13
AT13;90000;90000;2010;2010;1;16;24
AT13;90000;90000;2010;2010;1;17;61
AT13;90000;90000;2010;2010;1;18;100
AT13;90000;90000;2010;2010;1;19;177
AT13;90000;90000;2010;2010;1;20;213
AT13;90000;90000;2010;2010;1;21;317
AT13;90000;90000;2010;2010;1;22;342
AT13;90000;90000;2010;2010;1;23;386
AT13;90000;90000;2010;2010;1;24;388
AT13;90000;90000;2010;2010;1;25;417
AT13;90000;90000;2010;2010;1;26;455
AT13;90000;90000;2010;2010;1;27;488
AT13;90000;90000;2010;2010;1;28;530
AT13;90000;90000;2010;2010;1;29;589
AT13;90000;90000;2010;2010;1;30;592
AT13;90000;90000;2010;2010;1;31;567
AT13;90000;90000;2010;2010;1;32;566
AT13;90000;90000;2010;2010;1;33;469
AT13;90000;90000;2010;2010;1;34;497
AT13;90000;90000;2010;2010;1;35;425
AT13;90000;90000;2010;2010;1;36;379
AT13;90000;90000;2010;2010;1;37;357
AT13;90000;90000;2010;2010;1;38;287
AT13;90000;90000;2010;2010;1;39;216
AT13;90000;90000;2010;2010;1;40;154
AT13;90000;90000;2010;2010;1;41;111
AT13;90000;90000;2010;2010;1;42;76
AT13;90000;90000;2010;2010;1;43;35
AT13;90000;90000;2010;2010;1;44;19
AT13;90000;90000;2010;2010;1;45;9
AT13;90000;90000;2010;2010;1;46;4
AT13;90000;90000;2010;2010;1;47;3
AT13;90000;90000;2010;2010;1;49;1
AT13;90000;90000;2010;2010;1;50;7
AT13;90000;90000;2010;2010;2;14;3
AT13;90000;90000;2010;2010;2;15;12
AT13;90000;90000;2010;2010;2;16;26
AT13;90000;90000;2010;2010;2;17;60
AT13;90000;90000;2010;2010;2;18;87
AT13;90000;90000;2010;2010;2;19;178
AT13;90000;90000;2010;2010;2;20;218
AT13;90000;90000;2010;2010;2;21;248
AT13;90000;90000;2010;2010;2;22;311
AT13;90000;90000;2010;2010;2;23;343
AT13;90000;90000;2010;2010;2;24;379
AT13;90000;90000;2010;2010;2;25;418
AT13;90000;90000;2010;2010;2;26;464
AT13;90000;90000;2010;2010;2;27;484
AT13;90000;90000;2010;2010;2;28;501
AT13;90000;90000;2010;2010;2;29;554
AT13;90000;90000;2010;2010;2;30;507
AT13;90000;90000;2010;2010;2;31;553
AT13;90000;90000;2010;2010;2;32;489
AT13;90000;90000;2010;2010;2;33;489
AT13;90000;90000;2010;2010;2;34;498
AT13;90000;90000;2010;2010;2;35;439
AT13;90000;90000;2010;2010;2;36;352
AT13;90000;90000;2010;2010;2;37;281
AT13;90000;90000;2010;2010;2;38;257
AT13;90000;90000;2010;2010;2;39;201
AT13;90000;90000;2010;2010;2;40;127
AT13;90000;90000;2010;2010;2;41;92
AT13;90000;90000;2010;2010;2;42;63
AT13;90000;90000;2010;2010;2;43;32
AT13;90000;90000;2010;2010;2;44;24
AT13;90000;90000;2010;2010;2;45;6
AT13;90000;90000;2010;2010;2;46;7
AT13;90000;90000;2010;2010;2;47;2
AT13;90000;90000;2010;2010;2;49;3
AT13;90000;90000;2010;2010;2;50;1
AT13;90000;90000;2011;2011;1;14;2
AT13;90000;90000;2011;2011;1;15;8
AT13;90000;90000;2011;2011;1;16;27
AT13;90000;90000;2011;2011;1;17;57
AT13;90000;90000;2011;2011;1;18;106
AT13;90000;90000;2011;2011;1;19;167
AT13;90000;90000;2011;2011;1;20;197
AT13;90000;90000;2011;2011;1;21;283
AT13;90000;90000;2011;2011;1;22;316
AT13;90000;90000;2011;2011;1;23;333
AT13;90000;90000;2011;2011;1;24;405
AT13;90000;90000;2011;2011;1;25;456
AT13;90000;90000;2011;2011;1;26;456
AT13;90000;90000;2011;2011;1;27;490
AT13;90000;90000;2011;2011;1;28;551
AT13;90000;90000;2011;2011;1;29;585
AT13;90000;90000;2011;2011;1;30;659
AT13;90000;90000;2011;2011;1;31;536
AT13;90000;90000;2011;2011;1;32;571
AT13;90000;90000;2011;2011;1;33;527
AT13;90000;90000;2011;2011;1;34;485
AT13;90000;90000;2011;2011;1;35;500
AT13;90000;90000;2011;2011;1;36;411
AT13;90000;90000;2011;2011;1;37;331
AT13;90000;90000;2011;2011;1;38;288
AT13;90000;90000;2011;2011;1;39;218
AT13;90000;90000;2011;2011;1;40;150
AT13;90000;90000;2011;2011;1;41;96
AT13;90000;90000;2011;2011;1;42;76
AT13;90000;90000;2011;2011;1;43;47
AT13;90000;90000;2011;2011;1;44;24
AT13;90000;90000;2011;2011;1;45;11
AT13;90000;90000;2011;2011;1;46;4
AT13;90000;90000;2011;2011;1;47;5
AT13;90000;90000;2011;2011;1;48;2
AT13;90000;90000;2011;2011;1;50;2
AT13;90000;90000;2011;2011;2;13;1
AT13;90000;90000;2011;2011;2;14;1
AT13;90000;90000;2011;2011;2;15;5
AT13;90000;90000;2011;2011;2;16;26
AT13;90000;90000;2011;2011;2;17;50
AT13;90000;90000;2011;2011;2;18;97
AT13;90000;90000;2011;2011;2;19;126
AT13;90000;90000;2011;2011;2;20;213
AT13;90000;90000;2011;2011;2;21;228
AT13;90000;90000;2011;2011;2;22;280
AT13;90000;90000;2011;2011;2;23;351
AT13;90000;90000;2011;2011;2;24;353
AT13;90000;90000;2011;2011;2;25;428
AT13;90000;90000;2011;2011;2;26;420
AT13;90000;90000;2011;2011;2;27;491
AT13;90000;90000;2011;2011;2;28;530
AT13;90000;90000;2011;2011;2;29;564
AT13;90000;90000;2011;2011;2;30;567
AT13;90000;90000;2011;2011;2;31;576
AT13;90000;90000;2011;2011;2;32;520
AT13;90000;90000;2011;2011;2;33;520
AT13;90000;90000;2011;2011;2;34;471
AT13;90000;90000;2011;2011;2;35;421
AT13;90000;90000;2011;2011;2;36;362
AT13;90000;90000;2011;2011;2;37;318
AT13;90000;90000;2011;2011;2;38;252
AT13;90000;90000;2011;2011;2;39;206
AT13;90000;90000;2011;2011;2;40;197
AT13;90000;90000;2011;2011;2;41;86
AT13;90000;90000;2011;2011;2;42;49
AT13;90000;90000;2011;2011;2;43;42
AT13;90000;90000;2011;2011;2;44;17
AT13;90000;90000;2011;2011;2;45;7
AT13;90000;90000;2011;2011;2;46;3
AT13;90000;90000;2011;2011;2;47;4
AT13;90000;90000;2011;2011;2;49;3
AT13;90000;90000;2011;2011;2;50;3
AT13;90000;90000;2012;2012;1;14;1
AT13;90000;90000;2012;2012;1;15;5
AT13;90000;90000;2012;2012;1;16;24
AT13;90000;90000;2012;2012;1;17;45
AT13;90000;90000;2012;2012;1;18;82
AT13;90000;90000;2012;2012;1;19;156
AT13;90000;90000;2012;2012;1;20;181
AT13;90000;90000;2012;2012;1;21;264
AT13;90000;90000;2012;2012;1;22;310
AT13;90000;90000;2012;2012;1;23;354
AT13;90000;90000;2012;2012;1;24;427
AT13;90000;90000;2012;2012;1;25;432
AT13;90000;90000;2012;2012;1;26;455
AT13;90000;90000;2012;2012;1;27;524
AT13;90000;90000;2012;2012;1;28;571
AT13;90000;90000;2012;2012;1;29;600
AT13;90000;90000;2012;2012;1;30;628
AT13;90000;90000;2012;2012;1;31;650
AT13;90000;90000;2012;2012;1;32;599
AT13;90000;90000;2012;2012;1;33;549
AT13;90000;90000;2012;2012;1;34;511
AT13;90000;90000;2012;2012;1;35;451
AT13;90000;90000;2012;2012;1;36;444
AT13;90000;90000;2012;2012;1;37;360
AT13;90000;90000;2012;2012;1;38;273
AT13;90000;90000;2012;2012;1;39;235
AT13;90000;90000;2012;2012;1;40;154
AT13;90000;90000;2012;2012;1;41;115
AT13;90000;90000;2012;2012;1;42;70
AT13;90000;90000;2012;2012;1;43;43
AT13;90000;90000;2012;2012;1;44;24
AT13;90000;90000;2012;2012;1;45;8
AT13;90000;90000;2012;2012;1;46;8
AT13;90000;90000;2012;2012;1;47;4
AT13;90000;90000;2012;2012;1;48;3
AT13;90000;90000;2012;2012;1;49;1
AT13;90000;90000;2012;2012;1;50;5
AT13;90000;90000;2012;2012;2;15;5
AT13;90000;90000;2012;2012;2;16;25
AT13;90000;90000;2012;2012;2;17;48
AT13;90000;90000;2012;2012;2;18;61
AT13;90000;90000;2012;2012;2;19;138
AT13;90000;90000;2012;2012;2;20;191
AT13;90000;90000;2012;2012;2;21;190
AT13;90000;90000;2012;2012;2;22;280
AT13;90000;90000;2012;2012;2;23;314
AT13;90000;90000;2012;2012;2;24;380
AT13;90000;90000;2012;2012;2;25;379
AT13;90000;90000;2012;2012;2;26;440
AT13;90000;90000;2012;2012;2;27;437
AT13;90000;90000;2012;2012;2;28;499
AT13;90000;90000;2012;2012;2;29;556
AT13;90000;90000;2012;2012;2;30;563
AT13;90000;90000;2012;2012;2;31;621
AT13;90000;90000;2012;2012;2;32;533
AT13;90000;90000;2012;2012;2;33;494
AT13;90000;90000;2012;2012;2;34;470
AT13;90000;90000;2012;2012;2;35;449
AT13;90000;90000;2012;2012;2;36;356
AT13;90000;90000;2012;2012;2;37;357
AT13;90000;90000;2012;2012;2;38;283
AT13;90000;90000;2012;2012;2;39;196
AT13;90000;90000;2012;2012;2;40;181
AT13;90000;90000;2012;2012;2;41;106
AT13;90000;90000;2012;2012;2;42;70
AT13;90000;90000;2012;2012;2;43;34
AT13;90000;90000;2012;2012;2;44;15
AT13;90000;90000;2012;2012;2;45;8
AT13;90000;90000;2012;2012;2;46;7
AT13;90000;90000;2012;2012;2;47;2
AT13;90000;90000;2012;2012;2;48;4
AT13;90000;90000;2012;2012;2;49;1
AT13;90000;90000;2012;2012;2;50;6
AT13;90000;90000;2013;2013;1;14;1
AT13;90000;90000;2013;2013;1;15;8
AT13;90000;90000;2013;2013;1;16;25
AT13;90000;90000;2013;2013;1;17;45
AT13;90000;90000;2013;2013;1;18;96
AT13;90000;90000;2013;2013;1;19;131
AT13;90000;90000;2013;2013;1;20;175
AT13;90000;90000;2013;2013;1;21;240
AT13;90000;90000;2013;2013;1;22;342
AT13;90000;90000;2013;2013;1;23;402
AT13;90000;90000;2013;2013;1;24;403
AT13;90000;90000;2013;2013;1;25;470
AT13;90000;90000;2013;2013;1;26;515
AT13;90000;90000;2013;2013;1;27;473
AT13;90000;90000;2013;2013;1;28;550
AT13;90000;90000;2013;2013;1;29;602
AT13;90000;90000;2013;2013;1;30;650
AT13;90000;90000;2013;2013;1;31;693
AT13;90000;90000;2013;2013;1;32;637
AT13;90000;90000;2013;2013;1;33;607
AT13;90000;90000;2013;2013;1;34;539
AT13;90000;90000;2013;2013;1;35;493
AT13;90000;90000;2013;2013;1;36;422
AT13;90000;90000;2013;2013;1;37;338
AT13;90000;90000;2013;2013;1;38;303
AT13;90000;90000;2013;2013;1;39;212
AT13;90000;90000;2013;2013;1;40;178
AT13;90000;90000;2013;2013;1;41;125
AT13;90000;90000;2013;2013;1;42;93
AT13;90000;90000;2013;2013;1;43;43
AT13;90000;90000;2013;2013;1;44;24
AT13;90000;90000;2013;2013;1;45;6
AT13;90000;90000;2013;2013;1;46;12
AT13;90000;90000;2013;2013;1;47;1
AT13;90000;90000;2013;2013;1;48;3
AT13;90000;90000;2013;2013;1;49;4
AT13;90000;90000;2013;2013;1;50;4
AT13;90000;90000;2013;2013;2;14;1
AT13;90000;90000;2013;2013;2;15;11
AT13;90000;90000;2013;2013;2;16;19
AT13;90000;90000;2013;2013;2;17;34
AT13;90000;90000;2013;2013;2;18;79
AT13;90000;90000;2013;2013;2;19;127
AT13;90000;90000;2013;2013;2;20;175
AT13;90000;90000;2013;2013;2;21;252
AT13;90000;90000;2013;2013;2;22;285
AT13;90000;90000;2013;2013;2;23;307
AT13;90000;90000;2013;2013;2;24;404
AT13;90000;90000;2013;2013;2;25;370
AT13;90000;90000;2013;2013;2;26;432
AT13;90000;90000;2013;2013;2;27;437
AT13;90000;90000;2013;2013;2;28;492
AT13;90000;90000;2013;2013;2;29;523
AT13;90000;90000;2013;2013;2;30;535
AT13;90000;90000;2013;2013;2;31;610
AT13;90000;90000;2013;2013;2;32;604
AT13;90000;90000;2013;2013;2;33;490
AT13;90000;90000;2013;2013;2;34;476
AT13;90000;90000;2013;2013;2;35;468
AT13;90000;90000;2013;2013;2;36;416
AT13;90000;90000;2013;2013;2;37;330
AT13;90000;90000;2013;2013;2;38;291
AT13;90000;90000;2013;2013;2;39;225
AT13;90000;90000;2013;2013;2;40;160
AT13;90000;90000;2013;2013;2;41;99
AT13;90000;90000;2013;2013;2;42;66
AT13;90000;90000;2013;2013;2;43;55
AT13;90000;90000;2013;2013;2;44;22
AT13;90000;90000;2013;2013;2;45;12
AT13;90000;90000;2013;2013;2;46;8
AT13;90000;90000;2013;2013;2;47;5
AT13;90000;90000;2013;2013;2;48;1
AT13;90000;90000;2013;2013;2;49;2
AT13;90000;90000;2013;2013;2;50;3
AT13;90000;90000;2014;2014;1;15;7
AT13;90000;90000;2014;2014;1;16;15
AT13;90000;90000;2014;2014;1;17;47
AT13;90000;90000;2014;2014;1;18;63
AT13;90000;90000;2014;2014;1;19;122
AT13;90000;90000;2014;2014;1;20;189
AT13;90000;90000;2014;2014;1;21;262
AT13;90000;90000;2014;2014;1;22;308
AT13;90000;90000;2014;2014;1;23;361
AT13;90000;90000;2014;2014;1;24;415
AT13;90000;90000;2014;2014;1;25;464
AT13;90000;90000;2014;2014;1;26;493
AT13;90000;90000;2014;2014;1;27;557
AT13;90000;90000;2014;2014;1;28;544
AT13;90000;90000;2014;2014;1;29;618
AT13;90000;90000;2014;2014;1;30;669
AT13;90000;90000;2014;2014;1;31;661
AT13;90000;90000;2014;2014;1;32;677
AT13;90000;90000;2014;2014;1;33;668
AT13;90000;90000;2014;2014;1;34;530
AT13;90000;90000;2014;2014;1;35;541
AT13;90000;90000;2014;2014;1;36;428
AT13;90000;90000;2014;2014;1;37;348
AT13;90000;90000;2014;2014;1;38;303
AT13;90000;90000;2014;2014;1;39;241
AT13;90000;90000;2014;2014;1;40;188
AT13;90000;90000;2014;2014;1;41;117
AT13;90000;90000;2014;2014;1;42;68
AT13;90000;90000;2014;2014;1;43;33
AT13;90000;90000;2014;2014;1;44;25
AT13;90000;90000;2014;2014;1;45;10
AT13;90000;90000;2014;2014;1;46;13
AT13;90000;90000;2014;2014;1;47;6
AT13;90000;90000;2014;2014;1;48;2
AT13;90000;90000;2014;2014;2;13;1
AT13;90000;90000;2014;2014;2;14;4
AT13;90000;90000;2014;2014;2;15;7
AT13;90000;90000;2014;2014;2;16;15
AT13;90000;90000;2014;2014;2;17;42
AT13;90000;90000;2014;2014;2;18;61
AT13;90000;90000;2014;2014;2;19;118
AT13;90000;90000;2014;2014;2;20;191
AT13;90000;90000;2014;2014;2;21;220
AT13;90000;90000;2014;2014;2;22;273
AT13;90000;90000;2014;2014;2;23;325
AT13;90000;90000;2014;2014;2;24;404
AT13;90000;90000;2014;2014;2;25;400
AT13;90000;90000;2014;2014;2;26;473
AT13;90000;90000;2014;2014;2;27;511
AT13;90000;90000;2014;2014;2;28;537
AT13;90000;90000;2014;2014;2;29;558
AT13;90000;90000;2014;2014;2;30;605
AT13;90000;90000;2014;2014;2;31;620
AT13;90000;90000;2014;2014;2;32;605
AT13;90000;90000;2014;2014;2;33;588
AT13;90000;90000;2014;2014;2;34;525
AT13;90000;90000;2014;2014;2;35;450
AT13;90000;90000;2014;2014;2;36;420
AT13;90000;90000;2014;2014;2;37;338
AT13;90000;90000;2014;2014;2;38;265
AT13;90000;90000;2014;2014;2;39;224
AT13;90000;90000;2014;2014;2;40;193
AT13;90000;90000;2014;2014;2;41;124
AT13;90000;90000;2014;2014;2;42;76
AT13;90000;90000;2014;2014;2;43;45
AT13;90000;90000;2014;2014;2;44;19
AT13;90000;90000;2014;2014;2;45;13
AT13;90000;90000;2014;2014;2;46;4
AT13;90000;90000;2014;2014;2;47;8
AT13;90000;90000;2014;2014;2;49;2
AT13;90000;90000;2014;2014;2;50;3
AT13;90000;90000;2015;2015;1;12;1
AT13;90000;90000;2015;2015;1;14;2
AT13;90000;90000;2015;2015;1;15;8
AT13;90000;90000;2015;2015;1;16;20
AT13;90000;90000;2015;2015;1;17;34
AT13;90000;90000;2015;2015;1;18;73
AT13;90000;90000;2015;2015;1;19;145
AT13;90000;90000;2015;2015;1;20;172
AT13;90000;90000;2015;2015;1;21;248
AT13;90000;90000;2015;2015;1;22;280
AT13;90000;90000;2015;2015;1;23;353
AT13;90000;90000;2015;2015;1;24;382
AT13;90000;90000;2015;2015;1;25;433
AT13;90000;90000;2015;2015;1;26;505
AT13;90000;90000;2015;2015;1;27;586
AT13;90000;90000;2015;2015;1;28;626
AT13;90000;90000;2015;2015;1;29;622
AT13;90000;90000;2015;2015;1;30;641
AT13;90000;90000;2015;2015;1;31;698
AT13;90000;90000;2015;2015;1;32;713
AT13;90000;90000;2015;2015;1;33;690
AT13;90000;90000;2015;2015;1;34;621
AT13;90000;90000;2015;2015;1;35;523
AT13;90000;90000;2015;2015;1;36;472
AT13;90000;90000;2015;2015;1;37;396
AT13;90000;90000;2015;2015;1;38;278
AT13;90000;90000;2015;2015;1;39;242
AT13;90000;90000;2015;2015;1;40;199
AT13;90000;90000;2015;2015;1;41;123
AT13;90000;90000;2015;2015;1;42;80
AT13;90000;90000;2015;2015;1;43;39
AT13;90000;90000;2015;2015;1;44;27
AT13;90000;90000;2015;2015;1;45;18
AT13;90000;90000;2015;2015;1;46;11
AT13;90000;90000;2015;2015;1;47;6
AT13;90000;90000;2015;2015;1;48;1
AT13;90000;90000;2015;2015;1;49;2
AT13;90000;90000;2015;2015;1;50;5
AT13;90000;90000;2015;2015;2;13;1
AT13;90000;90000;2015;2015;2;14;1
AT13;90000;90000;2015;2015;2;15;3
AT13;90000;90000;2015;2015;2;16;15
AT13;90000;90000;2015;2015;2;17;33
AT13;90000;90000;2015;2015;2;18;75
AT13;90000;90000;2015;2015;2;19;106
AT13;90000;90000;2015;2015;2;20;181
AT13;90000;90000;2015;2015;2;21;197
AT13;90000;90000;2015;2015;2;22;288
AT13;90000;90000;2015;2015;2;23;340
AT13;90000;90000;2015;2015;2;24;410
AT13;90000;90000;2015;2015;2;25;408
AT13;90000;90000;2015;2015;2;26;472
AT13;90000;90000;2015;2015;2;27;522
AT13;90000;90000;2015;2015;2;28;600
AT13;90000;90000;2015;2015;2;29;550
AT13;90000;90000;2015;2015;2;30;632
AT13;90000;90000;2015;2015;2;31;673
AT13;90000;90000;2015;2015;2;32;707
AT13;90000;90000;2015;2015;2;33;583
AT13;90000;90000;2015;2015;2;34;554
AT13;90000;90000;2015;2015;2;35;485
AT13;90000;90000;2015;2015;2;36;426
AT13;90000;90000;2015;2015;2;37;371
AT13;90000;90000;2015;2015;2;38;302
AT13;90000;90000;2015;2015;2;39;225
AT13;90000;90000;2015;2015;2;40;171
AT13;90000;90000;2015;2015;2;41;132
AT13;90000;90000;2015;2015;2;42;75
AT13;90000;90000;2015;2015;2;43;47
AT13;90000;90000;2015;2015;2;44;32
AT13;90000;90000;2015;2015;2;45;19
AT13;90000;90000;2015;2015;2;46;9
AT13;90000;90000;2015;2015;2;47;5
AT13;90000;90000;2015;2015;2;48;4
AT13;90000;90000;2015;2015;2;49;1
AT13;90000;90000;2015;2015;2;50;1
AT13;90000;90000;2016;2016;1;15;6
AT13;90000;90000;2016;2016;1;16;13
AT13;90000;90000;2016;2016;1;17;42
AT13;90000;90000;2016;2016;1;18;62
AT13;90000;90000;2016;2016;1;19;120
AT13;90000;90000;2016;2016;1;20;191
AT13;90000;90000;2016;2016;1;21;238
AT13;90000;90000;2016;2016;1;22;318
AT13;90000;90000;2016;2016;1;23;363
AT13;90000;90000;2016;2016;1;24;409
AT13;90000;90000;2016;2016;1;25;465
AT13;90000;90000;2016;2016;1;26;515
AT13;90000;90000;2016;2016;1;27;582
AT13;90000;90000;2016;2016;1;28;642
AT13;90000;90000;2016;2016;1;29;613
AT13;90000;90000;2016;2016;1;30;652
AT13;90000;90000;2016;2016;1;31;714
AT13;90000;90000;2016;2016;1;32;706
AT13;90000;90000;2016;2016;1;33;672
AT13;90000;90000;2016;2016;1;34;622
AT13;90000;90000;2016;2016;1;35;655
AT13;90000;90000;2016;2016;1;36;495
AT13;90000;90000;2016;2016;1;37;435
AT13;90000;90000;2016;2016;1;38;323
AT13;90000;90000;2016;2016;1;39;253
AT13;90000;90000;2016;2016;1;40;176
AT13;90000;90000;2016;2016;1;41;141
AT13;90000;90000;2016;2016;1;42;90
AT13;90000;90000;2016;2016;1;43;49
AT13;90000;90000;2016;2016;1;44;25
AT13;90000;90000;2016;2016;1;45;20
AT13;90000;90000;2016;2016;1;46;13
AT13;90000;90000;2016;2016;1;47;9
AT13;90000;90000;2016;2016;1;48;4
AT13;90000;90000;2016;2016;1;49;1
AT13;90000;90000;2016;2016;1;50;4
AT13;90000;90000;2016;2016;2;14;1
AT13;90000;90000;2016;2016;2;15;5
AT13;90000;90000;2016;2016;2;16;15
AT13;90000;90000;2016;2016;2;17;28
AT13;90000;90000;2016;2016;2;18;69
AT13;90000;90000;2016;2016;2;19;116
AT13;90000;90000;2016;2016;2;20;185
AT13;90000;90000;2016;2016;2;21;199
AT13;90000;90000;2016;2016;2;22;305
AT13;90000;90000;2016;2016;2;23;368
AT13;90000;90000;2016;2016;2;24;393
AT13;90000;90000;2016;2016;2;25;438
AT13;90000;90000;2016;2016;2;26;533
AT13;90000;90000;2016;2016;2;27;545
AT13;90000;90000;2016;2016;2;28;584
AT13;90000;90000;2016;2016;2;29;630
AT13;90000;90000;2016;2016;2;30;640
AT13;90000;90000;2016;2016;2;31;652
AT13;90000;90000;2016;2016;2;32;676
AT13;90000;90000;2016;2016;2;33;682
AT13;90000;90000;2016;2016;2;34;566
AT13;90000;90000;2016;2016;2;35;577
AT13;90000;90000;2016;2016;2;36;518
AT13;90000;90000;2016;2016;2;37;375
AT13;90000;90000;2016;2016;2;38;293
AT13;90000;90000;2016;2016;2;39;250
AT13;90000;90000;2016;2016;2;40;195
AT13;90000;90000;2016;2016;2;41;129
AT13;90000;90000;2016;2016;2;42;73
AT13;90000;90000;2016;2016;2;43;65
AT13;90000;90000;2016;2016;2;44;27
AT13;90000;90000;2016;2016;2;45;18
AT13;90000;90000;2016;2016;2;46;7
AT13;90000;90000;2016;2016;2;47;3
AT13;90000;90000;2016;2016;2;48;1
AT13;90000;90000;2016;2016;2;49;1
AT13;90000;90000;2016;2016;2;50;4
AT13;90000;90000;2017;2017;1;14;1
AT13;90000;90000;2017;2017;1;15;3
AT13;90000;90000;2017;2017;1;16;14
AT13;90000;90000;2017;2017;1;17;26
AT13;90000;90000;2017;2017;1;18;77
AT13;90000;90000;2017;2017;1;19;133
AT13;90000;90000;2017;2017;1;20;167
AT13;90000;90000;2017;2017;1;21;226
AT13;90000;90000;2017;2017;1;22;254
AT13;90000;90000;2017;2017;1;23;331
AT13;90000;90000;2017;2017;1;24;385
AT13;90000;90000;2017;2017;1;25;455
AT13;90000;90000;2017;2017;1;26;503
AT13;90000;90000;2017;2017;1;27;576
AT13;90000;90000;2017;2017;1;28;635
AT13;90000;90000;2017;2017;1;29;650
AT13;90000;90000;2017;2017;1;30;683
AT13;90000;90000;2017;2017;1;31;676
AT13;90000;90000;2017;2017;1;32;722
AT13;90000;90000;2017;2017;1;33;693
AT13;90000;90000;2017;2017;1;34;707
AT13;90000;90000;2017;2017;1;35;611
AT13;90000;90000;2017;2017;1;36;541
AT13;90000;90000;2017;2017;1;37;397
AT13;90000;90000;2017;2017;1;38;334
AT13;90000;90000;2017;2017;1;39;273
AT13;90000;90000;2017;2017;1;40;200
AT13;90000;90000;2017;2017;1;41;130
AT13;90000;90000;2017;2017;1;42;83
AT13;90000;90000;2017;2017;1;43;46
AT13;90000;90000;2017;2017;1;44;20
AT13;90000;90000;2017;2017;1;45;14
AT13;90000;90000;2017;2017;1;46;9
AT13;90000;90000;2017;2017;1;47;5
AT13;90000;90000;2017;2017;1;48;3
AT13;90000;90000;2017;2017;1;49;4
AT13;90000;90000;2017;2017;1;50;6
AT13;90000;90000;2017;2017;2;14;2
AT13;90000;90000;2017;2017;2;15;3
AT13;90000;90000;2017;2017;2;16;12
AT13;90000;90000;2017;2017;2;17;42
AT13;90000;90000;2017;2017;2;18;72
AT13;90000;90000;2017;2017;2;19;98
AT13;90000;90000;2017;2017;2;20;174
AT13;90000;90000;2017;2017;2;21;204
AT13;90000;90000;2017;2017;2;22;291
AT13;90000;90000;2017;2017;2;23;358
AT13;90000;90000;2017;2017;2;24;423
AT13;90000;90000;2017;2017;2;25;434
AT13;90000;90000;2017;2017;2;26;497
AT13;90000;90000;2017;2017;2;27;529
AT13;90000;90000;2017;2017;2;28;568
AT13;90000;90000;2017;2017;2;29;603
AT13;90000;90000;2017;2017;2;30;571
AT13;90000;90000;2017;2017;2;31;656
AT13;90000;90000;2017;2017;2;32;612
AT13;90000;90000;2017;2017;2;33;662
AT13;90000;90000;2017;2017;2;34;602
AT13;90000;90000;2017;2017;2;35;552
AT13;90000;90000;2017;2017;2;36;492
AT13;90000;90000;2017;2017;2;37;395
AT13;90000;90000;2017;2017;2;38;336
AT13;90000;90000;2017;2017;2;39;287
AT13;90000;90000;2017;2017;2;40;192
AT13;90000;90000;2017;2017;2;41;124
AT13;90000;90000;2017;2017;2;42;87
AT13;90000;90000;2017;2017;2;43;45
AT13;90000;90000;2017;2017;2;44;27
AT13;90000;90000;2017;2017;2;45;10
AT13;90000;90000;2017;2017;2;46;8
AT13;90000;90000;2017;2017;2;47;4
AT13;90000;90000;2017;2017;2;48;3
AT13;90000;90000;2017;2017;2;49;4
AT13;90000;90000;2017;2017;2;50;4
AT13;90000;90000;2018;2018;1;14;2
AT13;90000;90000;2018;2018;1;15;1
AT13;90000;90000;2018;2018;1;16;6
AT13;90000;90000;2018;2018;1;17;25
AT13;90000;90000;2018;2018;1;18;58
AT13;90000;90000;2018;2018;1;19;101
AT13;90000;90000;2018;2018;1;20;157
AT13;90000;90000;2018;2018;1;21;219
AT13;90000;90000;2018;2018;1;22;272
AT13;90000;90000;2018;2018;1;23;294
AT13;90000;90000;2018;2018;1;24;390
AT13;90000;90000;2018;2018;1;25;436
AT13;90000;90000;2018;2018;1;26;489
AT13;90000;90000;2018;2018;1;27;577
AT13;90000;90000;2018;2018;1;28;629
AT13;90000;90000;2018;2018;1;29;628
AT13;90000;90000;2018;2018;1;30;661
AT13;90000;90000;2018;2018;1;31;692
AT13;90000;90000;2018;2018;1;32;697
AT13;90000;90000;2018;2018;1;33;618
AT13;90000;90000;2018;2018;1;34;608
AT13;90000;90000;2018;2018;1;35;591
AT13;90000;90000;2018;2018;1;36;505
AT13;90000;90000;2018;2018;1;37;409
AT13;90000;90000;2018;2018;1;38;326
AT13;90000;90000;2018;2018;1;39;287
AT13;90000;90000;2018;2018;1;40;195
AT13;90000;90000;2018;2018;1;41;137
AT13;90000;90000;2018;2018;1;42;94
AT13;90000;90000;2018;2018;1;43;44
AT13;90000;90000;2018;2018;1;44;30
AT13;90000;90000;2018;2018;1;45;13
AT13;90000;90000;2018;2018;1;46;12
AT13;90000;90000;2018;2018;1;47;7
AT13;90000;90000;2018;2018;1;48;8
AT13;90000;90000;2018;2018;1;50;5
AT13;90000;90000;2018;2018;2;14;1
AT13;90000;90000;2018;2018;2;15;5
AT13;90000;90000;2018;2018;2;16;5
AT13;90000;90000;2018;2018;2;17;24
AT13;90000;90000;2018;2018;2;18;46
AT13;90000;90000;2018;2018;2;19;97
AT13;90000;90000;2018;2018;2;20;148
AT13;90000;90000;2018;2018;2;21;196
AT13;90000;90000;2018;2018;2;22;254
AT13;90000;90000;2018;2018;2;23;340
AT13;90000;90000;2018;2018;2;24;354
AT13;90000;90000;2018;2018;2;25;415
AT13;90000;90000;2018;2018;2;26;493
AT13;90000;90000;2018;2018;2;27;499
AT13;90000;90000;2018;2018;2;28;518
AT13;90000;90000;2018;2018;2;29;574
AT13;90000;90000;2018;2018;2;30;657
AT13;90000;90000;2018;2018;2;31;689
AT13;90000;90000;2018;2018;2;32;662
AT13;90000;90000;2018;2018;2;33;637
AT13;90000;90000;2018;2018;2;34;603
AT13;90000;90000;2018;2018;2;35;600
AT13;90000;90000;2018;2018;2;36;532
AT13;90000;90000;2018;2018;2;37;388
AT13;90000;90000;2018;2018;2;38;304
AT13;90000;90000;2018;2018;2;39;232
AT13;90000;90000;2018;2018;2;40;211
AT13;90000;90000;2018;2018;2;41;133
AT13;90000;90000;2018;2018;2;42;71
AT13;90000;90000;2018;2018;2;43;55
AT13;90000;90000;2018;2018;2;44;27
AT13;90000;90000;2018;2018;2;45;15
AT13;90000;90000;2018;2018;2;46;18
AT13;90000;90000;2018;2018;2;47;3
AT13;90000;90000;2018;2018;2;48;4
AT13;90000;90000;2018;2018;2;50;5
AT13;90000;90000;2019;2019;1;15;2
AT13;90000;90000;2019;2019;1;16;10
AT13;90000;90000;2019;2019;1;17;18
AT13;90000;90000;2019;2019;1;18;51
AT13;90000;90000;2019;2019;1;19;96
AT13;90000;90000;2019;2019;1;20;141
AT13;90000;90000;2019;2019;1;21;177
AT13;90000;90000;2019;2019;1;22;267
AT13;90000;90000;2019;2019;1;23;294
AT13;90000;90000;2019;2019;1;24;353
AT13;90000;90000;2019;2019;1;25;428
AT13;90000;90000;2019;2019;1;26;468
AT13;90000;90000;2019;2019;1;27;553
AT13;90000;90000;2019;2019;1;28;554
AT13;90000;90000;2019;2019;1;29;642
AT13;90000;90000;2019;2019;1;30;662
AT13;90000;90000;2019;2019;1;31;702
AT13;90000;90000;2019;2019;1;32;669
AT13;90000;90000;2019;2019;1;33;672
AT13;90000;90000;2019;2019;1;34;657
AT13;90000;90000;2019;2019;1;35;609
AT13;90000;90000;2019;2019;1;36;564
AT13;90000;90000;2019;2019;1;37;464
AT13;90000;90000;2019;2019;1;38;382
AT13;90000;90000;2019;2019;1;39;254
AT13;90000;90000;2019;2019;1;40;222
AT13;90000;90000;2019;2019;1;41;151
AT13;90000;90000;2019;2019;1;42;95
AT13;90000;90000;2019;2019;1;43;54
AT13;90000;90000;2019;2019;1;44;28
AT13;90000;90000;2019;2019;1;45;18
AT13;90000;90000;2019;2019;1;46;8
AT13;90000;90000;2019;2019;1;47;9
AT13;90000;90000;2019;2019;1;48;5
AT13;90000;90000;2019;2019;1;49;2
AT13;90000;90000;2019;2019;1;50;6
AT13;90000;90000;2019;2019;2;14;1
AT13;90000;90000;2019;2019;2;15;3
AT13;90000;90000;2019;2019;2;16;13
AT13;90000;90000;2019;2019;2;17;22
AT13;90000;90000;2019;2019;2;18;38
AT13;90000;90000;2019;2019;2;19;92
AT13;90000;90000;2019;2019;2;20;123
AT13;90000;90000;2019;2019;2;21;166
AT13;90000;90000;2019;2019;2;22;240
AT13;90000;90000;2019;2019;2;23;286
AT13;90000;90000;2019;2019;2;24;330
AT13;90000;90000;2019;2019;2;25;396
AT13;90000;90000;2019;2019;2;26;441
AT13;90000;90000;2019;2019;2;27;522
AT13;90000;90000;2019;2019;2;28;508
AT13;90000;90000;2019;2019;2;29;623
AT13;90000;90000;2019;2019;2;30;677
AT13;90000;90000;2019;2019;2;31;657
AT13;90000;90000;2019;2019;2;32;634
AT13;90000;90000;2019;2019;2;33;660
AT13;90000;90000;2019;2019;2;34;571
AT13;90000;90000;2019;2019;2;35;576
AT13;90000;90000;2019;2019;2;36;470
AT13;90000;90000;2019;2019;2;37;449
AT13;90000;90000;2019;2019;2;38;346
AT13;90000;90000;2019;2019;2;39;269
AT13;90000;90000;2019;2019;2;40;210
AT13;90000;90000;2019;2019;2;41;147
AT13;90000;90000;2019;2019;2;42;62
AT13;90000;90000;2019;2019;2;43;45
AT13;90000;90000;2019;2019;2;44;32
AT13;90000;90000;2019;2019;2;45;18
AT13;90000;90000;2019;2019;2;46;9
AT13;90000;90000;2019;2019;2;47;3
AT13;90000;90000;2019;2019;2;48;5
AT13;90000;90000;2019;2019;2;50;4
AT13;90000;90000;2020;2020;1;15;5
AT13;90000;90000;2020;2020;1;16;9
AT13;90000;90000;2020;2020;1;17;28
AT13;90000;90000;2020;2020;1;18;52
AT13;90000;90000;2020;2020;1;19;84
AT13;90000;90000;2020;2020;1;20;119
AT13;90000;90000;2020;2020;1;21;164
AT13;90000;90000;2020;2020;1;22;222
AT13;90000;90000;2020;2020;1;23;290
AT13;90000;90000;2020;2020;1;24;379
AT13;90000;90000;2020;2020;1;25;389
AT13;90000;90000;2020;2020;1;26;399
AT13;90000;90000;2020;2020;1;27;498
AT13;90000;90000;2020;2020;1;28;538
AT13;90000;90000;2020;2020;1;29;602
AT13;90000;90000;2020;2020;1;30;688
AT13;90000;90000;2020;2020;1;31;669
AT13;90000;90000;2020;2020;1;32;681
AT13;90000;90000;2020;2020;1;33;647
AT13;90000;90000;2020;2020;1;34;614
AT13;90000;90000;2020;2020;1;35;570
AT13;90000;90000;2020;2020;1;36;521
AT13;90000;90000;2020;2020;1;37;489
AT13;90000;90000;2020;2020;1;38;383
AT13;90000;90000;2020;2020;1;39;272
AT13;90000;90000;2020;2020;1;40;189
AT13;90000;90000;2020;2020;1;41;133
AT13;90000;90000;2020;2020;1;42;93
AT13;90000;90000;2020;2020;1;43;47
AT13;90000;90000;2020;2020;1;44;29
AT13;90000;90000;2020;2020;1;45;13
AT13;90000;90000;2020;2020;1;46;10
AT13;90000;90000;2020;2020;1;47;5
AT13;90000;90000;2020;2020;1;48;5
AT13;90000;90000;2020;2020;1;49;8
AT13;90000;90000;2020;2020;1;50;3
AT13;90000;90000;2020;2020;2;15;2
AT13;90000;90000;2020;2020;2;16;14
AT13;90000;90000;2020;2020;2;17;23
AT13;90000;90000;2020;2020;2;18;45
AT13;90000;90000;2020;2020;2;19;97
AT13;90000;90000;2020;2020;2;20;119
AT13;90000;90000;2020;2020;2;21;147
AT13;90000;90000;2020;2020;2;22;196
AT13;90000;90000;2020;2020;2;23;273
AT13;90000;90000;2020;2020;2;24;330
AT13;90000;90000;2020;2020;2;25;356
AT13;90000;90000;2020;2020;2;26;462
AT13;90000;90000;2020;2020;2;27;476
AT13;90000;90000;2020;2020;2;28;530
AT13;90000;90000;2020;2020;2;29;595
AT13;90000;90000;2020;2020;2;30;635
AT13;90000;90000;2020;2020;2;31;638
AT13;90000;90000;2020;2020;2;32;648
AT13;90000;90000;2020;2020;2;33;562
AT13;90000;90000;2020;2020;2;34;633
AT13;90000;90000;2020;2020;2;35;519
AT13;90000;90000;2020;2020;2;36;474
AT13;90000;90000;2020;2020;2;37;422
AT13;90000;90000;2020;2020;2;38;331
AT13;90000;90000;2020;2020;2;39;275
AT13;90000;90000;2020;2020;2;40;192
AT13;90000;90000;2020;2020;2;41;122
AT13;90000;90000;2020;2020;2;42;82
AT13;90000;90000;2020;2020;2;43;34
AT13;90000;90000;2020;2020;2;44;27
AT13;90000;90000;2020;2020;2;45;25
AT13;90000;90000;2020;2020;2;46;5
AT13;90000;90000;2020;2020;2;47;9
AT13;90000;90000;2020;2020;2;48;5
AT13;90000;90000;2020;2020;2;49;2
AT13;90000;90000;2020;2020;2;50;4
AT13;90000;90000;2021;2021;1;14;2
AT13;90000;90000;2021;2021;1;15;5
AT13;90000;90000;2021;2021;1;16;8
AT13;90000;90000;2021;2021;1;17;22
AT13;90000;90000;2021;2021;1;18;43
AT13;90000;90000;2021;2021;1;19;67
AT13;90000;90000;2021;2021;1;20;101
AT13;90000;90000;2021;2021;1;21;157
AT13;90000;90000;2021;2021;1;22;204
AT13;90000;90000;2021;2021;1;23;281
AT13;90000;90000;2021;2021;1;24;335
AT13;90000;90000;2021;2021;1;25;381
AT13;90000;90000;2021;2021;1;26;423
AT13;90000;90000;2021;2021;1;27;480
AT13;90000;90000;2021;2021;1;28;516
AT13;90000;90000;2021;2021;1;29;617
AT13;90000;90000;2021;2021;1;30;669
AT13;90000;90000;2021;2021;1;31;723
AT13;90000;90000;2021;2021;1;32;722
AT13;90000;90000;2021;2021;1;33;716
AT13;90000;90000;2021;2021;1;34;660
AT13;90000;90000;2021;2021;1;35;590
AT13;90000;90000;2021;2021;1;36;549
AT13;90000;90000;2021;2021;1;37;483
AT13;90000;90000;2021;2021;1;38;350
AT13;90000;90000;2021;2021;1;39;344
AT13;90000;90000;2021;2021;1;40;220
AT13;90000;90000;2021;2021;1;41;158
AT13;90000;90000;2021;2021;1;42;81
AT13;90000;90000;2021;2021;1;43;52
AT13;90000;90000;2021;2021;1;44;29
AT13;90000;90000;2021;2021;1;45;16
AT13;90000;90000;2021;2021;1;46;12
AT13;90000;90000;2021;2021;1;47;2
AT13;90000;90000;2021;2021;1;48;6
AT13;90000;90000;2021;2021;1;49;4
AT13;90000;90000;2021;2021;1;50;2
AT13;90000;90000;2021;2021;2;14;1
AT13;90000;90000;2021;2021;2;15;6
AT13;90000;90000;2021;2021;2;16;8
AT13;90000;90000;2021;2021;2;17;15
AT13;90000;90000;2021;2021;2;18;48
AT13;90000;90000;2021;2021;2;19;57
AT13;90000;90000;2021;2021;2;20;114
AT13;90000;90000;2021;2021;2;21;138
AT13;90000;90000;2021;2021;2;22;217
AT13;90000;90000;2021;2021;2;23;219
AT13;90000;90000;2021;2021;2;24;328
AT13;90000;90000;2021;2021;2;25;371
AT13;90000;90000;2021;2021;2;26;416
AT13;90000;90000;2021;2021;2;27;477
AT13;90000;90000;2021;2021;2;28;505
AT13;90000;90000;2021;2021;2;29;571
AT13;90000;90000;2021;2021;2;30;595
AT13;90000;90000;2021;2021;2;31;654
AT13;90000;90000;2021;2021;2;32;679
AT13;90000;90000;2021;2021;2;33;614
AT13;90000;90000;2021;2021;2;34;573
AT13;90000;90000;2021;2021;2;35;560
AT13;90000;90000;2021;2021;2;36;516
AT13;90000;90000;2021;2021;2;37;429
AT13;90000;90000;2021;2021;2;38;343
AT13;90000;90000;2021;2021;2;39;308
AT13;90000;90000;2021;2021;2;40;228
AT13;90000;90000;2021;2021;2;41;144
AT13;90000;90000;2021;2021;2;42;83
AT13;90000;90000;2021;2021;2;43;52
AT13;90000;90000;2021;2021;2;44;30
AT13;90000;90000;2021;2021;2;45;11
AT13;90000;90000;2021;2021;2;46;5
AT13;90000;90000;2021;2021;2;47;3
AT13;90000;90000;2021;2021;2;48;2
AT13;90000;90000;2021;2021;2;49;3
AT13;90000;90000;2021;2021;2;50;6
AT13;90000;90000;2022;2022;1;15;1
AT13;90000;90000;2022;2022;1;16;5
AT13;90000;90000;2022;2022;1;17;14
AT13;90000;90000;2022;2022;1;18;44
AT13;90000;90000;2022;2022;1;19;71
AT13;90000;90000;2022;2022;1;20;117
AT13;90000;90000;2022;2022;1;21;149
AT13;90000;90000;2022;2022;1;22;219
AT13;90000;90000;2022;2022;1;23;238
AT13;90000;90000;2022;2022;1;24;292
AT13;90000;90000;2022;2022;1;25;378
AT13;90000;90000;2022;2022;1;26;411
AT13;90000;90000;2022;2022;1;27;481
AT13;90000;90000;2022;2022;1;28;592
AT13;90000;90000;2022;2022;1;29;635
AT13;90000;90000;2022;2022;1;30;625
AT13;90000;90000;2022;2022;1;31;680
AT13;90000;90000;2022;2022;1;32;714
AT13;90000;90000;2022;2022;1;33;671
AT13;90000;90000;2022;2022;1;34;627
AT13;90000;90000;2022;2022;1;35;626
AT13;90000;90000;2022;2022;1;36;535
AT13;90000;90000;2022;2022;1;37;425
AT13;90000;90000;2022;2022;1;38;374
AT13;90000;90000;2022;2022;1;39;272
AT13;90000;90000;2022;2022;1;40;245
AT13;90000;90000;2022;2022;1;41;162
AT13;90000;90000;2022;2022;1;42;99
AT13;90000;90000;2022;2022;1;43;68
AT13;90000;90000;2022;2022;1;44;32
AT13;90000;90000;2022;2022;1;45;20
AT13;90000;90000;2022;2022;1;46;11
AT13;90000;90000;2022;2022;1;47;8
AT13;90000;90000;2022;2022;1;48;3
AT13;90000;90000;2022;2022;1;49;1
AT13;90000;90000;2022;2022;1;50;6
AT13;90000;90000;2022;2022;2;15;5
AT13;90000;90000;2022;2022;2;16;3
AT13;90000;90000;2022;2022;2;17;24
AT13;90000;90000;2022;2022;2;18;35
AT13;90000;90000;2022;2022;2;19;79
AT13;90000;90000;2022;2022;2;20;103
AT13;90000;90000;2022;2022;2;21;129
AT13;90000;90000;2022;2022;2;22;193
AT13;90000;90000;2022;2022;2;23;239
AT13;90000;90000;2022;2022;2;24;285
AT13;90000;90000;2022;2022;2;25;349
AT13;90000;90000;2022;2022;2;26;418
AT13;90000;90000;2022;2022;2;27;459
AT13;90000;90000;2022;2022;2;28;528
AT13;90000;90000;2022;2022;2;29;545
AT13;90000;90000;2022;2022;2;30;599
AT13;90000;90000;2022;2022;2;31;664
AT13;90000;90000;2022;2022;2;32;665
AT13;90000;90000;2022;2022;2;33;632
AT13;90000;90000;2022;2022;2;34;614
AT13;90000;90000;2022;2022;2;35;561
AT13;90000;90000;2022;2022;2;36;493
AT13;90000;90000;2022;2022;2;37;449
AT13;90000;90000;2022;2022;2;38;352
AT13;90000;90000;2022;2022;2;39;289
AT13;90000;90000;2022;2022;2;40;219
AT13;90000;90000;2022;2022;2;41;137
AT13;90000;90000;2022;2022;2;42;91
AT13;90000;90000;2022;2022;2;43;60
AT13;90000;90000;2022;2022;2;44;28
AT13;90000;90000;2022;2022;2;45;18
AT13;90000;90000;2022;2022;2;46;12
AT13;90000;90000;2022;2022;2;47;5
AT13;90000;90000;2022;2022;2;48;4
AT13;90000;90000;2022;2022;2;49;3
AT13;90000;90000;2022;2022;2;50;2
AT13;90000;90000;2023;2023;1;15;3
AT13;90000;90000;2023;2023;1;16;10
AT13;90000;90000;2023;2023;1;17;18
AT13;90000;90000;2023;2023;1;18;43
AT13;90000;90000;2023;2023;1;19;84
AT13;90000;90000;2023;2023;1;20;136
AT13;90000;90000;2023;2023;1;21;147
AT13;90000;90000;2023;2023;1;22;215
AT13;90000;90000;2023;2023;1;23;254
AT13;90000;90000;2023;2023;1;24;273
AT13;90000;90000;2023;2023;1;25;344
AT13;90000;90000;2023;2023;1;26;384
AT13;90000;90000;2023;2023;1;27;457
AT13;90000;90000;2023;2023;1;28;492
AT13;90000;90000;2023;2023;1;29;522
AT13;90000;90000;2023;2023;1;30;571
AT13;90000;90000;2023;2023;1;31;653
AT13;90000;90000;2023;2023;1;32;678
AT13;90000;90000;2023;2023;1;33;654
AT13;90000;90000;2023;2023;1;34;594
AT13;90000;90000;2023;2023;1;35;603
AT13;90000;90000;2023;2023;1;36;467
AT13;90000;90000;2023;2023;1;37;471
AT13;90000;90000;2023;2023;1;38;367
AT13;90000;90000;2023;2023;1;39;258
AT13;90000;90000;2023;2023;1;40;216
AT13;90000;90000;2023;2023;1;41;157
AT13;90000;90000;2023;2023;1;42;107
AT13;90000;90000;2023;2023;1;43;51
AT13;90000;90000;2023;2023;1;44;32
AT13;90000;90000;2023;2023;1;45;23
AT13;90000;90000;2023;2023;1;46;11
AT13;90000;90000;2023;2023;1;47;5
AT13;90000;90000;2023;2023;1;48;5
AT13;90000;90000;2023;2023;1;49;4
AT13;90000;90000;2023;2023;1;50;9
AT13;90000;90000;2023;2023;2;16;7
AT13;90000;90000;2023;2023;2;17;17
AT13;90000;90000;2023;2023;2;18;48
AT13;90000;90000;2023;2023;2;19;61
AT13;90000;90000;2023;2023;2;20;129
AT13;90000;90000;2023;2023;2;21;143
AT13;90000;90000;2023;2023;2;22;185
AT13;90000;90000;2023;2023;2;23;224
AT13;90000;90000;2023;2023;2;24;293
AT13;90000;90000;2023;2023;2;25;327
AT13;90000;90000;2023;2023;2;26;369
AT13;90000;90000;2023;2023;2;27;441
AT13;90000;90000;2023;2023;2;28;472
AT13;90000;90000;2023;2023;2;29;507
AT13;90000;90000;2023;2023;2;30;531
AT13;90000;90000;2023;2023;2;31;587
AT13;90000;90000;2023;2023;2;32;594
AT13;90000;90000;2023;2023;2;33;637
AT13;90000;90000;2023;2023;2;34;583
AT13;90000;90000;2023;2023;2;35;555
AT13;90000;90000;2023;2023;2;36;483
AT13;90000;90000;2023;2023;2;37;389
AT13;90000;90000;2023;2023;2;38;346
AT13;90000;90000;2023;2023;2;39;279
AT13;90000;90000;2023;2023;2;40;203
AT13;90000;90000;2023;2023;2;41;142
AT13;90000;90000;2023;2023;2;42;81
AT13;90000;90000;2023;2023;2;43;48
AT13;90000;90000;2023;2023;2;44;36
AT13;90000;90000;2023;2023;2;45;18
AT13;90000;90000;2023;2023;2;46;5
AT13;90000;90000;2023;2023;2;47;6
AT13;90000;90000;2023;2023;2;48;3
AT13;90000;90000;2023;2023;2;49;1
AT13;90000;90000;2023;2023;2;50;4
AT13;90000;90000;2024;2024;1;14;1
AT13;90000;90000;2024;2024;1;15;3
AT13;90000;90000;2024;2024;1;16;3
AT13;90000;90000;2024;2024;1;17;13
AT13;90000;90000;2024;2024;1;18;46
AT13;90000;90000;2024;2024;1;19;92
AT13;90000;90000;2024;2024;1;20;128
AT13;90000;90000;2024;2024;1;21;169
AT13;90000;90000;2024;2024;1;22;222
AT13;90000;90000;2024;2024;1;23;279
AT13;90000;90000;2024;2024;1;24;323
AT13;90000;90000;2024;2024;1;25;366
AT13;90000;90000;2024;2024;1;26;395
AT13;90000;90000;2024;2024;1;27;542
AT13;90000;90000;2024;2024;1;28;525
AT13;90000;90000;2024;2024;1;29;615
AT13;90000;90000;2024;2024;1;30;614
AT13;90000;90000;2024;2024;1;31;664
AT13;90000;90000;2024;2024;1;32;634
AT13;90000;90000;2024;2024;1;33;685
AT13;90000;90000;2024;2024;1;34;617
AT13;90000;90000;2024;2024;1;35;645
AT13;90000;90000;2024;2024;1;36;510
AT13;90000;90000;2024;2024;1;37;452
AT13;90000;90000;2024;2024;1;38;344
AT13;90000;90000;2024;2024;1;39;303
AT13;90000;90000;2024;2024;1;40;259
AT13;90000;90000;2024;2024;1;41;156
AT13;90000;90000;2024;2024;1;42;97
AT13;90000;90000;2024;2024;1;43;52
AT13;90000;90000;2024;2024;1;44;25
AT13;90000;90000;2024;2024;1;45;19
AT13;90000;90000;2024;2024;1;46;8
AT13;90000;90000;2024;2024;1;47;13
AT13;90000;90000;2024;2024;1;48;7
AT13;90000;90000;2024;2024;1;49;2
AT13;90000;90000;2024;2024;1;50;6
AT13;90000;90000;2024;2024;2;14;1
AT13;90000;90000;2024;2024;2;15;1
AT13;90000;90000;2024;2024;2;16;6
AT13;90000;90000;2024;2024;2;17;17
AT13;90000;90000;2024;2024;2;18;39
AT13;90000;90000;2024;2024;2;19;86
AT13;90000;90000;2024;2024;2;20;117
AT13;90000;90000;2024;2024;2;21;195
AT13;90000;90000;2024;2024;2;22;200
AT13;90000;90000;2024;2024;2;23;272
AT13;90000;90000;2024;2024;2;24;305
AT13;90000;90000;2024;2024;2;25;371
AT13;90000;90000;2024;2024;2;26;397
AT13;90000;90000;2024;2024;2;27;433
AT13;90000;90000;2024;2024;2;28;497
AT13;90000;90000;2024;2024;2;29;515
AT13;90000;90000;2024;2024;2;30;569
AT13;90000;90000;2024;2024;2;31;579
AT13;90000;90000;2024;2024;2;32;631
AT13;90000;90000;2024;2024;2;33;611
AT13;90000;90000;2024;2024;2;34;665
AT13;90000;90000;2024;2024;2;35;552
AT13;90000;90000;2024;2024;2;36;525
AT13;90000;90000;2024;2024;2;37;447
AT13;90000;90000;2024;2024;2;38;359
AT13;90000;90000;2024;2024;2;39;258
AT13;90000;90000;2024;2024;2;40;227
AT13;90000;90000;2024;2024;2;41;144
AT13;90000;90000;2024;2024;2;42;93
AT13;90000;90000;2024;2024;2;43;50
AT13;90000;90000;2024;2024;2;44;28
AT13;90000;90000;2024;2024;2;45;17
AT13;90000;90000;2024;2024;2;46;13
AT13;90000;90000;2024;2024;2;47;4
AT13;90000;90000;2024;2024;2;48;4
AT13;90000;90000;2024;2024;2;49;1
AT13;90000;90000;2024;2024;2;50;7
